R,EXC,S,SEXO,CD1.1A,CD1.1B,CD1.1C,CD1.2A,CD1.2B,CD1.2C,CD1.3A,CD1.3B,CD1.3C,CD1.4A,CD1.4B,CD1.4C,CD1.5A,CD1.5B,CD1.5C,CD1.6A,CD1.6B,CD1.6C,CD1.7A,CD1.7B,CD1.7C,CD1.8A,CD1.8B,CD1.8C,CD1.9A,CD1.9B,CD1.9C,CD1.10A,CD1.10B,CD1.10C,CD4.1A,CD4.1B,CD4.1C,CD4.2A,CD4.2B,CD4.2C,CD4.3A,CD4.3B,CD4.3C,CD4.4A,CD4.4B,CD4.4C,CD4.5A,CD4.5B,CD4.5C,CD4.6A,CD4.6B,CD4.6C,CD4.7A,CD4.7B,CD4.7C,CD4.8A,CD4.8B,CD4.8C,CD4.9A,CD4.9B,CD4.9C,CD4.10A,CD4.10B,CD4.10C,CD8.1A,CD8.1B,CD8.1C,CD8.2A,CD8.2B,CD8.2C,CD8.3A,CD8.3B,CD8.3C,CD8.4A,CD8.4B,CD8.4C,CD8.5A,CD8.5B,CD8.5C,CD8.6A,CD8.6B,CD8.6C,CD8.7A,CD8.7B,CD8.7C,CD8.8A,CD8.8B,CD8.8C,CD8.9A,CD8.9B,CD8.9C,CD8.10A,CD8.10B,CD8.10C,CD12.1A,CD12.1B,CD12.1C,CD12.2A,CD12.2B,CD12.2C,CD12.3A,CD12.3B,CD12.3C,CD12.4A,CD12.4B,CD12.4C,CD12.5A,CD12.5B,CD12.5C,CD12.6A,CD12.6B,CD12.6C,CD12.7A,CD12.7B,CD12.7C,CD12.8A,CD12.8B,CD12.8C,CD12.9A,CD12.9B,CD12.9C,CD12.10A,CD12.10B,CD12.10C,CD18.1A,CD18.1B,CD18.1C,CD18.2A,CD18.2B,CD18.2C,CD18.3A,CD18.3B,CD18.3C,CD18.4A,CD18.4B,CD18.4C,CD18.5A,CD18.5B,CD18.5C,CD18.6A,CD18.6B,CD18.6C,CD18.7A,CD18.7B,CD18.7C,CD18.8A,CD18.8B,CD18.8C,CD18.9A,CD18.9B,CD18.9C,CD18.10A,CD18.10B,CD18.10C,CD24.1A,CD24.1B,CD24.1C,CD24.2A,CD24.2B,CD24.2C,CD24.3A,CD24.3B,CD24.3C,CD24.4A,CD24.4B,CD24.4C,CD24.5A,CD24.5B,CD24.5C,CD24.6A,CD24.6B,CD24.6C,CD24.7A,CD24.7B,CD24.7C,CD24.8A,CD24.8B,CD24.8C,CD24.9A,CD24.9B,CD24.9C,CD24.10A,CD24.10B,CD24.10C,RD1.1A,RD1.1B,RD1.1C,RD1.2A,RD1.2B,RD1.2C,RD4.3A,RD4.3B,RD4.3C,RD8.4A,RD8.4B,RD8.4C,RD8.5A,RD8.5B,RD8.5C,RD12.6A,RD12.6B,RD12.6C,RD12.7A,RD12.7B,RD12.7C,RD18.8A,RD18.8B,RD18.8C,RD18.9A,RD18.9B,RD18.9C,RD24.10A,RD24.10B,RD24.10C
1,126,CTEL,2,,5,,,5,,,5,35,5,19,66,5,19,66,,5,66,,5,66,,5,66,,5,66,,5,66,94,,,,,,,,,,,,66,,,66,,,,66,94,94,,,66,94,,,,,,,,,,,,,,,,,,,,,,,,,,,,,,,,,,,,,,,,,,,,,,,,,,,,,,,,,,,,,,,,,,,,,,,,,,,,,,,,,,,,,,,,,,,,,,,,,,,,,,,,,,,,,,,,,,,,,,,,,,,,,,5,66,,5,,,,,,,,,,,,,,,,,,,,,,,,,
1,31,PVM,2,7,14,56,,7,56,,7,56,,7,56,,7,56,7,35,56,,7,56,,7,56,,7,56,7,21,56,,96,63,96,,63,,63,93,,,63,,63,,96,,63,,,63,,96,185,,63,,63,96,185,,,,,,,,185,,,,,185,,,,,,,,,,,,,,,185,,,,,,,,,,,,,,,,,,,,,,,,,,,,,,,,,,,,,,,,,,,,,,,,,,,,,,,,,,,,,,,,,,,,,,,,,,,,,,,,,,,,,,,,,,,,,,,,,,,,,,,,,,,,,,,,,,,,,,,,,,
1,32,VVNI,2,7,12,38,17,7,44,13,7,40,12,7,30,12,7,30,7,12,38,,7,46,7,12,44,7,13,40,7,12,38,61,75,63,61,63,67,61,63,93,30,,63,30,34,,56,,63,56,75,63,57,67,137,40,44,,57,,75,,,,,,,,,,,,,,,,,,,,,,,,,,,,,,,,,,,,,,,,,,,,,,,,,,,,,,,,,,,,,,,,,,,,,,,,,,,,,,,,,,,,,,,,,,,,,,,,,,,,,,,,,,,,,,,,,,,,,,,,,,,,,,,,,,,,,,,,,,,,,,,,,,,,,,
5,122,ARPD,1,9,51,57,9,51,57,,9,57,,9,51,9,64,71,,9,64,,9,51,,9,51,,9,71,,9,71,,114,169,71,114,126,100,,141,64,71,169,64,114,,71,107,141,64,100,148,71,100,155,71,100,,71,87,169,,204,244,196,204,231,126,169,251,148,169,204,148,169,209,155,169,231,155,209,244,209,237,244,169,244,285,,196,270,231,270,429,231,270,,270,340,429,231,278,340,244,251,326,278,285,347,244,307,326,251,320,347,255,326,347,307,320,443,365,390,443,356,365,480,390,443,,416,443,480,390,416,,390,416,,326,390,,356,390,429,365,390,443,,443,526,443,526,602,,443,,480,660,720,443,570,663,443,480,720,526,602,663,534,602,,480,663,720,534,720,820,663,720,820,9,51,78,9,51,114,78,100,155,148,204,244,231,390,429,231,278,356,307,356,365,288,356,365,307,585,717,,585,744
1,135,RLI,1,,10,60,,10,47,,10,60,,10,39,,10,39,,10,39,10,,39,,10,60,,10,47,,10,47,,75,109,60,75,130,66,96,137,60,75,137,60,90,,75,123,130,75,109,137,75,96,130,,75,,60,96,150,185,220,233,230,240,247,150,185,240,150,179,254,145,179,233,,150,247,,150,276,150,179,296,150,230,268,147,185,254,220,309,435,296,315,404,303,315,435,296,336,717,296,350,717,296,309,435,296,350,468,296,336,502,296,309,336,296,336,502,,468,,404,717,,404,717,,468,496,660,572,,660,572,660,,502,572,591,404,,572,468,496,,,660,,660,,,,660,,,,,572,,,,660,,,572,,,572,,572,,,572,,,,,,,10,60,,10,75,,47,96,47,130,145,150,240,296,,220,296,233,268,296,233,247,315,468,660,,502,660,
1,75,HMR,2,,12,,,12,,,12,,,12,,12,,,12,,,,12,,,12,,,12,,,12,,,,,,,,,,,,,,,,,,,,,,,,,,,,,,,,,,,,,,,,,,,,,,,,,,,,,,,,,,,,,,,,,,,,,,,,,,,,,,,,,,,,,,,,,,,,,,,,,,,,,,,,,,,,,,,,,,,,,,,,,,,,,,,,,,,,,,,,,,,,,,,,,,,,,,,,12,,,,12,,,,,,,,,,,,,,,,,,,,,,,,,
1,92,PON,2,,12,,,12,,,12,,12,,,12,,,12,,,12,,,12,,,,12,,12,,,,,,,,,,,,,,,,,,,,,,,,,,,,,,,,,,,,,,,,,,,,,,,,,,,,,,,,,,,,,,,,,,,,,,,,,,,,,,,,,,,,,,,,,,,,,,,,,,,,,,,,,,,,,,,,,,,,,,,,,,,,,,,,,,,,,,,,,,,,,,,,,,,,,,,,,,,,12,,,,,,,,,,,,,,,,,,,,,,,,,,
1,101,LMN,2,,12,122,,12,81,,12,60,,12,60,,12,81,,12,60,,12,60,,12,81,,12,60,,12,60,,,165,,81,165,81,,165,81,122,165,81,122,,81,,165,,81,122,,122,165,81,122,,81,122,177,177,232,273,177,204,234,,177,,179,212,247,165,177,232,165,177,179,165,179,232,165,204,247,165,247,323,,204,280,232,329,599,277,,418,,335,500,280,323,479,232,329,530,252,273,479,252,273,335,323,,418,323,329,479,323,329,479,418,612,655,479,,500,418,537,,500,,530,,530,630,,479,630,418,479,500,,418,500,335,500,537,,530,537,599,655,674,599,630,,537,840,,530,612,674,530,612,840,612,655,750,620,630,,500,612,690,599,612,655,530,620,761,,12,81,,81,165,81,165,212,81,165,212,247,261,273,232,273,418,232,418,,,418,507,329,500,655,,479,655
1,108,LOJ,2,12,20,42,,12,74,,12,56,12,20,49,20,27,49,,12,27,12,20,49,12,20,49,12,20,74,12,20,49,,101,129,56,89,144,,89,129,74,89,129,56,89,,74,108,129,89,,101,89,108,129,89,108,,56,101,179,163,219,,,219,251,,163,,163,179,219,129,163,,163,,219,,179,163,163,179,,179,,,,163,251,,219,,,,,219,,,,219,,323,,,323,,,,323,,,,,,,,,323,,,,,,,,,,,,,,,,,,,,,,,,,,,,,,,,,,,,,,,,,,,,,,,,,,,,,,,,,,,,,,,12,56,,12,40,74,108,144,40,144,,219,251,,219,,,,,,,,,,,,,,
1,118,ROLR,2,,12,54,,12,47,,12,54,,12,54,,12,54,12,40,54,,12,40,,12,47,,12,54,,12,54,54,88,156,80,88,143,110,143,149,54,143,149,54,80,,54,88,143,54,88,143,80,88,149,54,80,,60,88,156,,191,274,,191,227,149,156,207,,163,213,149,156,227,149,156,163,149,170,178,149,178,302,156,178,298,163,199,261,240,302,377,240,254,308,233,240,270,233,240,274,199,261,343,213,281,390,288,308,369,261,308,377,248,274,281,274,302,369,330,390,439,330,369,390,377,390,,315,390,509,390,509,566,390,467,509,390,,509,349,,509,315,439,467,,425,467,,585,646,,585,,598,646,675,566,,646,566,646,744,,586,717,,585,,566,585,646,467,598,717,585,646,675,,12,54,,12,54,,88,143,88,156,163,,213,248,213,248,254,261,308,369,288,439,377,248,274,717,,585,717
1,26,RCBA,2,13,28,,,13,,13,20,48,13,40,68,13,28,48,13,48,40,13,28,68,,13,68,13,40,68,,20,68,,109,184,,109,150,,150,184,95,109,150,,95,,95,,109,95,109,184,95,109,184,95,150,,,95,109,211,240,253,211,240,253,,184,,184,211,253,,184,253,,184,253,211,274,253,211,274,253,184,,253,211,253,330,274,,385,,330,385,,330,,274,330,385,,330,,,330,,,330,385,330,385,,330,385,,,330,,,,,,,,,,,,,,,,,,,,,,,,,,,,,,,,,,,,,,,,,,,,,,,,,,,,,,,,,,,,,,13,35,68,13,35,95,95,109,211,,109,211,240,,,184,274,,330,,,,,,,,,,,
1,116,RRRA,2,15,21,44,,15,51,,15,51,,15,44,,15,44,,15,44,,15,59,,15,51,,15,51,,15,65,65,100,133,65,100,114,59,100,128,36,100,114,36,100,,72,,114,44,79,128,100,107,114,72,79,,36,107,148,203,223,,203,,243,128,148,264,148,223,264,128,148,264,148,154,177,,148,264,148,177,264,148,223,243,148,154,264,360,,,264,360,,,264,,,264,360,264,360,,,360,,,264,360,360,,,264,,360,,360,,360,,,360,,,,,,,,,,,,,,,,,,,,,,,,,,,,,,,,,,,,,,,,,,,,,,,,,,,,,,,,,,15,72,,15,72,,100,148,100,114,243,148,243,,148,243,264,264,293,360,,293,360,,,360,,,
1,162,LERK,2,,15,,,15,68,,15,68,,15,30,,15,30,,15,68,,15,68,,15,68,,15,68,,15,,68,,,68,,,68,,,68,,,68,,,68,,,,,,,,,,68,,68,,,,,,,,,,,,,,,,,,,,,,,,,,,,,,,,,,,,,,,,,,,,,,,,,,,,,,,,,,,,,,,,,,,,,,,,,,,,,,,,,,,,,,,,,,,,,,,,,,,,,,,,,,,,,,,,,,,,,,,,,,,,15,,,15,68,68,,,,,,,,,,,,,,,,,,,,,,,
1,77,HMR,1,,16,,,16,,,16,,16,,,16,,,16,,,,16,,,16,,,16,,,16,,,,,,,,,,,,,,,,,,,,,,,,,,,,,,,,,,,,,,,,,,,,,,,,,,,,,,,,,,,,,,,,,,,,,,,,,,,,,,,,,,,,,,,,,,,,,,,,,,,,,,,,,,,,,,,,,,,,,,,,,,,,,,,,,,,,,,,,,,,,,,,,,,,,,,,,,,,,,,,,,,,,,,,,,,,,,,,,,,,,,
1,145,STCC,2,,16,58,16,30,58,,16,58,,16,58,,16,90,,16,58,,16,58,,16,58,,16,58,,16,90,,90,146,58,,146,90,,146,,58,178,,58,,90,146,178,90,146,178,58,,146,,58,,58,146,178,,214,257,178,,214,,178,214,178,214,257,,214,257,146,,214,146,,214,178,,214,146,178,257,,214,257,,,,257,,,,257,,257,,,,,,257,,,257,,,,,,,,,,,,,,,,,,,,,,,,,,,,,,,,,,,,,,,,,,,,,,,,,,,,,,,,,,,,,,,,,,,,,,,,,16,90,,16,58,58,90,214,58,146,257,214,257,,,257,,257,,,257,,,,,,,,
1,66,AOLJ,1,17,38,107,17,29,107,17,29,107,17,38,107,17,38,107,17,38,107,17,38,107,17,29,44,17,29,107,17,29,107,107,,120,107,120,189,107,,120,107,120,,107,216,,107,,216,,107,216,107,,,107,,,,107,216,,,,,,,,,,,,,,,,189,,,,,,,,,,,216,216,,,,,,,,,,,,,,,,,,,,,,,,,,,,,,,,,,,,,,,,,,,,,,,,,,,,,,,,,,,,,,,,,,,,,,,,,,,,,,,,,,,,,,,,,,,,,29,38,107,29,38,107,189,107,,,,,216,,,216,,,216,,,,,,,,,,,
1,114,GTN,1,,17,53,,17,53,,17,25,,17,25,,17,30,,17,53,,17,53,,17,53,,17,53,,17,39,66,101,128,53,101,141,108,128,135,53,,101,53,101,,53,108,128,66,101,141,101,115,151,101,115,,,101,151,172,227,326,,233,241,135,213,261,128,158,275,128,158,213,165,185,254,165,185,233,158,227,254,128,185,213,247,128,141,247,302,452,275,329,452,275,302,350,,241,329,241,302,390,241,268,350,261,268,326,282,316,329,247,329,356,268,326,418,329,398,405,329,390,542,356,494,,,390,542,,390,567,379,398,567,341,398,418,341,356,390,356,390,467,480,405,467,,567,,,567,,567,627,,,567,612,452,542,,480,497,648,,497,,452,567,612,480,567,725,599,627,,,17,53,,17,53,,101,,60,151,213,185,213,233,213,227,254,227,254,329,,254,329,316,326,341,379,398,567
1,144,RAPR,2,,17,50,,17,50,,17,26,17,26,50,17,,26,17,26,50,,17,50,17,26,50,17,26,,17,26,80,,80,135,50,120,135,93,120,135,50,80,135,,80,,93,120,135,50,80,135,80,80,135,,80,,50,80,135,175,211,240,147,,211,140,147,154,147,175,211,135,191,218,175,191,211,147,175,211,175,191,191,147,175,211,,175,246,253,273,349,266,273,349,,211,287,211,232,253,211,218,300,240,246,349,211,273,300,273,330,349,211,232,300,211,260,418,349,390,,315,349,418,349,444,,300,390,,,418,,,418,,,418,,390,,418,315,349,444,,418,,,,,,,,,,,,,,,,,,,,,,,,,,,,,,,,,17,58,17,26,80,80,120,140,120,147,211,191,232,253,191,211,253,232,418,390,232,253,390,315,349,390,,418,444
1,22,CGM,2,18,41,,18,24,,18,,,,,,,,,,,,,,,,,,,,,,,,,,,,,,,,,,,,,,,,,,,,,,,,,,,,,,,,,,,,,,,,,,,,,,,,,,,,,,,,,,,,,,,,,,,,,,,,,,,,,,,,,,,,,,,,,,,,,,,,,,,,,,,,,,,,,,,,,,,,,,,,,,,,,,,,,,,,,,,,,,,,,,,,,,,,,,18,41,,18,24,,,,,,,,,,,,,,,,,,,,,,,,,
1,72,MMHE,1,,18,,,18,,,18,,,18,,,18,,18,,,,18,,,18,,,18,,,18,,,,,,,,,,,,,,,,,,,,,,,,,,,,,,,,,,,,,,,,,,,,,,,,,,,,,,,,,,,,,,,,,,,,,,,,,,,,,,,,,,,,,,,,,,,,,,,,,,,,,,,,,,,,,,,,,,,,,,,,,,,,,,,,,,,,,,,,,,,,,,,,,,,,,,,,18,,,,18,,,,,,,,,,,,,,,,,,,,,,,,,
1,87,COAO,1,18,30,64,,18,93,18,30,93,,18,93,,18,30,18,30,64,18,30,64,18,30,64,18,30,64,,18,64,93,106,126,93,126,153,106,126,153,30,106,126,30,106,,106,,126,,106,126,93,119,153,93,106,,93,119,153,181,236,254,,181,236,153,181,254,181,236,254,153,181,221,181,221,254,181,236,254,,181,254,181,254,272,153,221,254,254,380,443,272,443,,272,326,394,272,326,431,272,380,431,,254,431,272,305,361,272,326,380,272,,443,272,361,394,380,431,,,443,600,443,600,,608,,,443,,600,443,,600,380,443,600,380,431,600,,456,651,651,,,,,651,,608,,600,,,,600,651,600,,,,608,651,,600,,,608,,651,,,,,651,18,30,93,30,64,93,93,106,152,106,126,236,181,236,326,236,254,326,254,443,600,305,,,,254,,456,608,
1,94,MLA,2,18,25,38,,18,75,,18,75,,18,75,,18,38,,18,38,,18,75,,18,75,,18,75,,18,38,,75,137,75,137,150,,137,150,75,88,150,,88,,,137,150,,75,137,88,,137,,88,,88,137,,,226,240,,,226,,226,240,184,226,,150,226,,150,184,240,,226,240,,240,,184,,226,184,226,,226,,,,,,,,,,,,,,,,,,,,,,,,226,,,,,,,,,,,,,,,,,,,,,,,,,,,,,,,,,,,,,,,,,,,,,,,,,,,,,,,,,,,,,,,,,,,,75,,,75,75,150,,88,137,,226,,,226,240,,226,,,240,,,,,,,,
1,19,CHLMA,1,26,33,,,19,,19,33,83,,19,63,,19,63,19,26,56,,19,83,19,26,63,19,33,63,,19,83,83,97,187,97,137,187,63,97,187,63,137,187,63,137,,,137,,83,137,187,83,,187,,83,,63,97,187,200,249,325,200,249,325,187,200,325,187,249,325,,187,325,187,200,325,187,200,325,187,200,325,187,249,325,187,200,325,325,351,484,325,351,365,325,365,484,,325,435,325,415,559,325,351,435,325,351,415,325,351,484,325,351,559,325,484,559,415,559,607,415,,559,,415,,,586,655,,,559,,559,607,,,559,,,559,559,,655,559,607,,559,737,,,559,,559,,,,635,737,559,675,751,,,751,559,586,,559,737,,586,,,,,,19,56,83,19,33,83,63,137,187,187,,325,,325,354,,325,559,325,,559,354,,559,435,559,737,586,559,
1,119,STCL,2,,19,48,,19,48,,19,48,,19,48,,19,48,,19,48,,19,48,,19,56,,19,48,,19,48,48,157,164,56,90,150,,150,164,48,150,180,48,75,,48,150,157,48,75,150,56,,150,48,56,,56,150,164,186,220,270,180,193,206,164,180,206,164,186,220,180,186,270,164,180,248,180,186,248,180,220,248,193,220,248,186,220,255,275,330,,255,318,330,255,312,,,248,270,255,330,,255,275,376,,270,318,318,351,376,318,351,376,275,351,376,344,376,522,330,359,423,,359,,376,537,,423,480,,433,480,,376,423,433,376,423,480,376,,446,480,639,,480,639,703,480,639,,639,703,812,639,674,703,639,,703,480,,639,,639,,480,639,674,522,691,780,,,691,,19,,,19,48,75,81,220,164,193,,193,248,255,193,248,351,270,351,,337,351,376,,351,376,480,639,812
1,111,GLCG,2,,20,,,20,,,20,,,20,,20,,,20,,,20,,,,20,,,20,,,20,,,,,,,,,,,,,,,,,,,,,,,,,,,,,,,,,,,,,,,,,,,,,,,,,,,,,,,,,,,,,,,,,,,,,,,,,,,,,,,,,,,,,,,,,,,,,,,,,,,,,,,,,,,,,,,,,,,,,,,,,,,,,,,,,,,,,,,,,,,,,,,,,,,,,,,,,,,,20,,,,,,,,,,,,,,,,,,,,,,,,,
1,38,ARAE,2,,21,118,,21,64,,21,64,21,30,130,21,30,118,,21,130,,21,64,21,30,118,21,30,64,,21,64,69,159,200,118,159,200,,130,200,,130,200,118,130,,118,,200,,118,200,130,159,213,118,130,,,159,234,200,333,,,234,305,159,213,,159,213,305,130,200,333,159,234,333,200,305,333,234,,333,159,,305,159,234,305,333,434,490,305,344,490,234,344,490,,344,490,,,344,305,344,490,305,,344,344,434,490,305,333,526,333,344,526,434,490,,434,,490,434,584,,584,,,490,566,,490,566,,,566,600,490,,566,490,,566,,566,,566,600,,,566,,566,650,,600,,,566,685,,,584,,566,584,,584,,650,600,,,600,685,,21,64,159,21,64,159,,64,213,,200,234,,,305,,,305,374,,525,434,566,650,490,566,650,525,,650
1,80,BWMA,1,,22,,,22,,,22,,,22,,22,30,,22,30,,,22,,,22,,,22,,,22,,,,,,,,,,,,,,,,,,,,,,,,,,,,,,,,,,,,,,,,,,,,,,,,,,,,,,,,,,,,,,,,,,,,,,,,,,,,,,,,,,,,,,,,,,,,,,,,,,,,,,,,,,,,,,,,,,,,,,,,,,,,,,,,,,,,,,,,,,,,,,,,,,,,,,,,,22,,,22,,,,,,,,,,,,,,,,,,,,,,,,,
4,103,SLF,1,22,62,101,22,62,97,,22,97,22,62,97,,22,97,22,62,97,,62,97,,22,62,,22,97,,22,62,101,120,139,101,120,139,97,120,146,,97,120,97,101,,97,120,139,,97,139,,97,139,,97,,,97,139,,202,230,175,208,216,139,146,242,146,180,202,139,146,257,152,180,248,152,180,242,,175,242,139,242,269,175,257,269,216,319,,289,338,359,208,269,312,180,202,305,180,269,422,223,257,422,208,257,449,305,,422,269,276,422,248,289,422,312,422,546,338,352,422,269,422,,338,449,513,,449,480,,449,554,,422,526,,,422,338,422,480,,422,513,449,554,615,,422,,546,642,808,449,480,526,480,546,615,526,546,615,526,554,,480,546,615,480,597,808,546,526,,22,62,97,,22,62,101,139,202,139,152,223,175,230,276,202,248,369,248,289,369,269,338,369,289,319,480,,422,630
1,97,NLAA,2,23,37,90,,23,90,,23,90,,23,30,,23,90,23,30,90,,23,90,,23,90,,23,,,23,,90,179,,90,,179,,,179,,90,179,90,179,,90,,179,,90,179,90,,179,,90,,,90,,179,,248,,,248,179,248,264,179,,248,179,,248,,179,248,,179,248,179,248,264,179,248,264,179,248,285,264,340,,248,347,,254,264,277,248,264,277,248,264,336,,248,422,,264,298,264,340,347,264,,336,264,277,336,360,422,,340,402,422,340,442,,360,402,491,,336,477,402,436,491,,402,477,,360,402,336,402,614,,360,402,436,516,614,,436,,436,600,614,436,600,614,436,442,692,436,442,614,,436,,436,600,614,436,678,678,,678,719,,30,90,,30,,90,,179,90,179,248,179,,248,179,264,,248,402,,264,402,477,347,402,477,402,436,614
1,104,BMS,2,,24,119,,24,98,,24,98,,24,98,,24,98,24,,98,,24,98,,24,98,,24,98,,24,98,98,119,,,98,,,119,,98,119,,,98,,98,119,,,98,,,98,,,119,,,98,,,,,,,,,,,,,,,,,,,,,,,,,,,,,,,,,,,,,,,,,,,,,,,,,,,,,,,,,,,,,,,,,,,,,,,,,,,,,,,,,,,,,,,,,,,,,,,,,,,,,,,,,,,,,,,,,,,,,,,,,,,24,,,24,98,,98,,98,,,,,,,,,,,,,,,,,,,,
4,125,EGSD,1,,24,127,,24,114,24,30,114,,24,59,,24,59,,24,59,,24,127,,24,59,,24,59,,24,,,127,,114,127,150,114,119,134,119,127,157,,119,,119,127,141,,114,134,119,127,141,,119,,,119,179,,226,267,150,179,219,150,179,241,150,190,241,157,179,338,150,190,219,150,179,241,190,198,270,150,179,267,,198,338,322,335,404,338,357,424,270,335,375,295,335,,295,322,404,,308,404,270,322,390,322,,390,295,335,404,308,322,404,404,424,523,390,424,471,424,471,,390,480,535,480,,493,,471,493,424,,471,,424,471,,404,523,,404,523,480,523,585,493,523,,510,523,,480,535,627,480,493,720,510,570,641,510,570,,471,607,720,510,607,720,627,641,,,24,127,,24,127,119,127,141,119,,164,226,,338,,226,338,226,,,335,474,493,404,474,493,493,627,720
3,RI 01,GNA,1,,25,93,,25,93,,25,93,,25,93,,25,,25,59,93,,25,93,,25,,,25,,,25,93,,,,,,,,,,,,,,,,,,,,,,,,,,,,,,,,224,,,,224,,224,,,224,,,224,,,,224,,,224,,,224,224,,,,,224,,,,,,,,,,,,,,,,,,,,,,,,,,,,,,,,,,,,,,,,,,,,,,,,,,,,,,,,,,,,,,,,,,,,,,,,,,,,,,,,,,,,,,,,,,,25,59,,,25,,,,,,,,,,,,,,,,,,,,,,,,,
1,35,PAEL,1,26,47,123,26,35,123,26,47,123,26,47,123,26,74,123,26,47,123,26,47,123,26,35,60,26,35,60,26,,60,,123,206,,123,206,123,144,206,123,144,206,,123,,123,144,206,123,,144,123,149,206,144,123,,123,,144,,274,324,,,274,206,,274,206,,274,144,,274,144,,274,206,274,291,206,274,324,206,274,324,149,206,274,274,352,510,291,274,324,,274,482,,274,366,,274,366,324,366,482,324,455,482,324,455,482,,,324,324,352,510,366,510,633,366,482,544,366,510,,366,544,633,482,510,633,366,482,,,482,565,,482,565,482,510,565,,510,544,,,544,,544,,544,633,,544,,633,544,633,656,544,565,,,544,,,565,656,544,656,,,633,,26,47,74,26,47,74,74,144,274,144,274,291,,274,324,291,324,510,324,352,510,,450,608,450,510,656,,524,782
1,36,MLK,1,26,,,,26,,,26,,,26,,,26,,,26,,,26,,,26,,,26,,,26,,,,219,,,219,,,219,,,219,,,,,,219,,,219,,,219,,219,,,,219,219,229,266,219,229,266,,219,328,,,219,,,219,,219,328,,219,328,,219,328,,219,328,,219,328,328,363,,328,363,,328,363,,266,328,,266,363,,328,363,,328,363,,328,,,328,384,,328,384,,363,507,596,,507,596,363,596,,507,596,,,507,596,,507,596,,,507,,,507,,507,596,,507,,,596,,,596,,610,,,,596,,,596,,,596,,,596,,507,596,,507,,,,596,,,,,,,,,,,,244,328,244,328,363,244,363,507,266,,507,328,363,,363,507,,507,610,
1,113,OPD,1,,28,61,,28,84,,28,61,,28,35,,28,35,,28,61,,28,68,,28,68,,28,68,,28,61,,97,,97,,,61,,,61,68,,61,84,,89,,,89,,,89,,,89,97,,,89,,,,,,,,,,,,,,,,,,,,,,,,,,,,,,,,,,,,,,,,,,,,,,,,,,,,,,,,,,,,,,,,,,,,,,,,,,,,,,,,,,,,,,,,,,,,,,,,,,,,,,,,,,,,,,,,,,,,,,,,,,,28,68,,28,97,89,97,,89,,,,,,,,,,,,,,,,,,,,
3,142,BAAR,2,28,55,63,,28,91,,28,48,,28,48,28,35,48,28,48,55,28,35,48,,28,48,28,35,48,28,35,97,,91,138,104,123,138,91,104,138,91,104,220,91,104,,91,111,117,,91,123,91,123,138,91,123,,97,123,138,,193,277,,193,207,,193,207,,193,250,193,203,277,138,193,207,138,193,277,193,250,326,193,257,300,193,203,257,326,,,307,,,,300,,235,277,,207,300,,326,,,307,,,307,,,300,,,307,326,,,,,,,,,,,,,,,,,,,,,,,,,,,,,,,,,,,,,,,,,,,,,,,,,,,,,,,,,,,,,,,28,63,,28,48,,48,123,55,63,250,117,193,326,,193,203,193,257,,193,257,,,,,,,
3,121,GFAV,2,,29,43,,29,43,,29,57,,29,43,,29,70,,29,70,,29,70,,29,70,,29,77,,29,49,70,85,167,77,99,120,85,,133,77,85,120,77,91,,91,133,140,85,120,133,70,120,167,,70,,85,120,133,173,,250,180,210,222,161,173,243,161,173,243,167,173,243,161,173,243,167,173,210,,173,210,180,188,,,173,,,428,,250,428,479,243,458,,,243,458,243,428,,,428,479,,428,479,428,,458,,428,458,,428,,,428,652,,,458,458,479,,520,540,652,520,540,650,520,,650,,497,607,,428,540,520,561,607,,520,607,650,,794,650,678,,650,,794,,561,780,520,664,794,561,650,794,,607,,540,650,794,561,664,650,607,650,794,29,53,77,29,36,77,77,85,222,140,167,173,210,,,222,,,,,507,458,520,540,,520,711,,678,711
1,130,OBYA,1,,29,91,,29,63,,29,91,,29,63,,29,63,,29,91,,29,63,,29,91,,29,91,,29,91,,103,153,91,103,153,103,,153,73,103,159,73,103,,91,103,153,91,103,110,,91,200,,91,,73,91,186,,200,210,180,200,227,172,180,186,172,186,210,166,186,227,180,186,250,186,210,257,200,257,270,166,250,270,,227,270,299,325,367,270,367,,270,325,,,270,367,270,367,,257,278,539,270,325,539,325,359,416,270,325,,299,325,,416,539,,416,539,,416,539,,539,,,,,,,,,416,539,,,416,,,,,,,,,,,,,,,,,,,,,,,,,,,,,,,,,,,,,,,29,73,,63,153,73,103,153,,153,159,,227,250,200,227,250,227,367,,,227,367,,367,539,539,,
2,140,GCHS,1,29,49,89,29,44,60,29,111,119,29,,111,29,60,77,,36,,,29,77,,29,77,29,60,111,44,77,,119,115,144,77,115,130,,115,147,111,115,144,115,130,,115,147,154,115,130,147,115,147,171,115,130,,115,147,157,,207,268,,207,226,150,207,226,178,185,259,178,207,235,178,199,259,171,207,259,171,226,310,171,207,310,178,310,,,,,,,,,,310,,310,,226,310,,,310,,,310,,310,,,310,,,310,,,,,,,,,,,,,,,,,,,,,,,,,,,,,,,,,,,,,,,,,,,,,,,,,,,,,,,,,,,,,,,,29,60,,29,,,111,,60,77,119,,,,,,310,,,310,,310,,310,,,,,
2,141,GCHL,1,,29,77,29,,77,29,56,63,29,36,60,29,36,60,,29,77,,29,65,29,60,118,,29,111,,29,111,118,152,235,118,115,152,118,115,235,118,115,235,115,130,,115,,154,115,130,235,115,152,235,115,130,,115,147,235,,235,251,235,,310,,235,310,,235,310,,,251,235,,310,235,,310,,235,310,235,,310,235,,310,,,,,,,,310,,,310,,,310,,,310,,,310,,310,,,310,,,310,,,,,,,,,,,,,,,,,,,,,,,,,,,,,,,,,,,,,,,,,,,,,,,,,,,,,,,,,,,,,,,,29,,,29,77,63,118,144,,77,144,226,258,,207,259,310,207,,310,,310,,310,,,,,
1,147,RVAI,1,29,58,90,,29,90,,29,120,,29,90,,29,58,,29,58,,29,58,,29,120,,29,120,,29,120,90,146,207,90,120,207,90,,120,,90,120,,90,,120,,207,,90,207,90,146,207,,90,,90,146,,248,,,,207,248,,207,,,207,248,248,,,,207,248,,248,,,248,,146,207,,,248,,,,,248,,,,,,,,,,,,,248,,,,,,,,,,,,,,,,,,,,,,,,,,,,,,,,,,,,,,,,,,,,,,,,,,,,,,,,,,,,,,,,,,,,,,,,,,,29,120,,29,146,120,146,,,146,248,,248,,,248,,248,,,,,,,,,,,
1,76,CDA,2,30,57,118,,30,118,,30,118,,30,118,,30,118,,30,118,,30,118,,30,118,,30,118,,30,118,,148,,,118,148,,118,148,,118,148,118,148,,,118,,,,118,,118,,,118,,118,,,148,,,,,,,,,,,,,,,,,,,,,,,,,,,,,,,,,,,,,,,,,,,,,,,,,,,,,,,,,,,,,,,,,,,,,,,,,,,,,,,,,,,,,,,,,,,,,,,,,,,,,,,,,,,,,,,,,,,,,,,,,57,118,,57,148,,118,148,118,148,236,,236,388,,236,,236,,,,236,,236,298,,,,
1,79,PHD,1,30,,62,,30,62,30,,44,,30,62,30,40,44,30,40,75,30,40,75,,30,62,,,40,,30,40,62,137,,88,137,,,,,75,137,,75,137,,,88,,,88,137,,75,,40,44,,62,,75,,216,252,,216,,175,216,,175,,252,216,252,,,216,252,,216,,,252,,216,252,,216,,,,344,439,,344,439,,344,439,,344,439,,344,439,,344,439,,344,439,,344,439,344,,439,,344,439,439,,,,439,,439,,,,439,,,,,,540,572,,439,572,,439,572,,439,572,,439,572,,,674,,572,,572,,674,439,572,735,,674,735,,,572,,572,,439,572,674,439,572,735,,674,735,30,40,88,30,40,150,75,150,239,137,,239,,239,273,,273,302,273,,444,,273,398,,,,,,
1,82,GRE,1,,30,,,30,,,30,,,30,,,30,,,30,,,30,,,30,,,30,,,30,,,,,,,,,,,,,,,,,,,,,,,,,,,,,,,,,,,,,,,,,,,,,,,,,,,,,,,,,,,,,,,,,,,,,,,,,,,,,,,,,,,,,,,,,,,,,,,,,,,,,,,,,,,,,,,,,,,,,,,,,,,,,,,,,,,,,,,,,,,,,,,,,,,,,,,,33,,,,,,,,,,,,,,,,,,,,,,,,,,,,,
1,95,RICU,1,,30,66,,30,,,30,66,,30,66,,30,66,,30,,,30,66,,30,66,,30,,,30,,,,155,,120,155,,120,155,66,120,155,,120,,,120,155,,,155,,,155,,120,,,,155,210,240,257,189,210,257,155,,257,,155,257,155,257,271,,155,257,189,,257,210,,257,189,,257,189,210,257,257,363,,257,363,451,301,363,404,,210,363,257,301,466,210,257,451,257,271,377,257,104,451,257,301,451,301,363,390,363,390,,377,419,555,390,451,,419,610,630,,480,630,466,507,576,,451,507,419,,451,451,,,,466,,480,507,774,,480,,480,,,,507,774,466,675,774,466,723,774,507,569,,507,555,774,630,774,774,507,576,774,,30,122,,30,122,,122,271,,155,257,,257,377,,257,390,257,,390,325,480,610,363,480,507,,451,610
3,134,CHCJ,2,,30,104,,30,104,,30,104,,30,104,,30,104,,30,104,,30,104,,30,124,,30,56,,30,56,111,118,140,104,118,131,,104,131,,104,131,104,111,,,104,161,,104,118,104,131,173,,104,,104,118,173,173,223,262,223,,242,161,223,262,173,187,242,161,207,306,161,173,207,173,223,250,201,223,250,173,223,242,173,242,223,312,338,,250,326,,291,318,,250,318,338,291,326,363,291,338,,,326,,338,,,250,318,,278,330,,363,,,326,,,,,,,,,,,,,,,,,,,,,,,,346,,,,,,,,,,,,,,,,,,,,,,,,,,,,,,,,,,30,129,,30,129,,104,156,111,156,161,,250,306,,250,306,262,346,,,306,,,,,,,
1,137,CLOP,1,30,38,87,30,60,79,30,38,72,30,38,87,30,38,60,30,79,87,30,38,93,,30,93,,30,,30,38,,93,157,171,93,114,157,114,,157,114,120,157,93,157,,114,157,,93,114,157,93,171,,114,120,,114,120,157,,,,,,,,,,,,,,,,,,,,,,,,,157,,,,,,,,,,,,,,,,,,,,,,,,,,,,,,,,,,,,,,,,,,,,,,,,,,,,,,,,,,,,,,,,,,,,,,,,,,,,,,,,,,,,,,,,,,,,,,,,30,38,,30,60,120,72,87,,114,120,171,,,,,,,,,,,,,,,,,,
4,153,MARN,2,,31,119,,31,63,,31,92,,31,63,,31,63,,31,119,,31,92,31,63,92,,31,,,31,,119,145,,92,119,145,92,119,,92,119,,,119,,119,,145,,119,145,92,145,,92,119,,92,119,,,,,,,,,,,145,,,,173,,,,,,,,,,,145,,,,,,,,,,,,,,,,,,,,,,,,,,,,,,,,,,,,,,,,,,,,,,,,,,,,,,,,,,,,,,,,,,,,,,,,,,,,,,,,,,,,,,,,,,,,,,,,,31,,31,63,119,119,,145,,173,,,,,,,,,,,,,,,,,,,
2,156,MERE,2,,32,60,,32,60,,32,60,,32,60,,32,,,32,60,32,60,,32,,60,,32,60,,32,60,,137,,,137,,,137,,,137,,,137,,,137,,,137,,,137,,,137,,,137,,,,,,,,,,,,,,,,,,,,,,,,,,,,,,,,,,,,,,,,,,,,,,,,,,,,,,,,,,,,,,,,,,,,,,,,,,,,,,,,,,,,,,,,,,,,,,,,,,,,,,,,,,,,,,,,,,,,,,,,,,,32,,,32,137,60,137,,137,,,,,,,,,,,,,,,,,,,,
1,8,FSS,2,,,61,,,61,,,61,,,61,,,61,,,61,,,61,,,61,,,61,,,61,61,123,187,61,123,187,61,123,150,,123,150,61,150,,61,123,150,61,123,150,61,123,150,61,123,,61,123,150,214,,,187,,,187,214,,187,214,,150,,,,187,,150,,214,187,,214,150,214,,214,,,187,,491,,,491,187,,491,214,,491,214,,491,,,491,,,491,,,491,,,491,,,491,491,518,,,491,,,491,,491,,,,491,546,,491,,,491,518,,491,518,491,,,518,,,491,,,491,,,518,,,491,,546,518,,,491,518,,491,518,,491,,,518,,,,,,,,61,,,61,61,150,214,,187,214,,187,496,214,496,510,,496,510,496,510,,496,,,510,,
1,85,LVG,1,,,40,,,67,,,40,,,40,,,34,,,95,,,67,,,67,,,121,,,40,,121,,95,108,,95,108,,,67,,,34,,95,121,,67,108,,,95,,,95,,67,108,,,,,,,,,,,,,,,,,,,,,,,,,,,,,,,,,,,,,,,,,,,,,,,,,,,,,,,,,,,,,,,,,,,,,,,,,,,,,,,,,,,,,,,,,,,,,,,,,,,,,,,,,,,,,,,,,,,,,,,,,,,,95,,,95,,108,,108,121,,,,,,,,,,,,,,,,,,,
4,EDC 157,PEMN,2,,34,81,,34,81,,34,81,,34,81,,,34,34,81,131,,34,81,,34,81,,34,81,,34,131,,101,164,81,101,164,81,101,164,,101,164,81,101,,101,,164,,101,164,81,101,164,81,101,,81,101,164,,,,164,,,,164,,164,,,,,,,,,,,,,,,,,,,,,,,,,,,,,,,,,,,,,,,,,,,,,,,,,,,,,,,,,,,,,,,,,,,,,,,,,,,,,,,,,,,,,,,,,,,,,,,,,,,,,,,,,,,,,,,,34,81,,34,131,,101,185,101,164,,,,,,,,,,,,,,,,,,,
1,2,ACHV,1,,,90,,,90,,,90,,,90,,,35,,,62,,,,,,62,,,62,,,62,90,138,159,,90,159,90,124,159,90,124,202,90,124,,90,124,159,90,97,138,90,124,202,90,97,,90,97,202,,,181,,,181,159,181,,202,215,271,,159,271,,202,215,,215,271,202,215,271,202,,346,202,215,346,346,,,,346,,,,346,,,346,346,,,,346,,,346,,346,,,346,,,346,,,,548,623,,548,623,,548,,,548,623,,548,623,,548,623,,548,623,,548,623,,548,623,548,,,623,,,,623,,548,,,548,,,,548,,548,623,,548,623,,623,,,548,,,623,,,,25,97,,25,97,,97,181,138,202,215,202,241,346,,,215,,215,623,,215,623,548,623,,548,,
1,69,GCEE,1,,,44,,,44,,,44,,,,,,,,,,,,,,,,,,,,,,,,,,,,,,,,,,,,,,,,,,,,,,,,,,,,,,,,,,,,,,,,,,,,,,,,,,,,,,,,,,,,,,,,,,,,,,,,,,,,,,,,,,,,,,,,,,,,,,,,,,,,,,,,,,,,,,,,,,,,,,,,,,,,,,,,,,,,,,,,,,,,,,,,,,,,,,,,,,,,,,,,,,,,,,,,,,,,,,,,,
1,128,RSIS,2,,38,65,,38,115,,38,115,,38,115,,38,115,,38,115,,38,,,38,,,38,,,38,115,,,,,115,,115,,,115,,,115,,,115,,,115,,,115,,,,115,,115,,,,239,,,239,,,239,,,,239,,239,,,239,,239,,,,239,,239,,,,239,,,,,,,,,,,,,,,,,,,,,,,,,,,,,,,,,,,,,,,,,,,,,,,,,,,,,,,,,,,,,,,,,,,,,,,,,,,,,,,,,,,,,,,,,,,,,38,,,38,115,,115,,,,,,,,,,,,,,,,,,,,,,
2,136,GOPS,1,,38,75,,38,60,38,45,68,,38,68,,38,68,,38,68,,38,68,,38,75,,38,,,38,,,115,144,,115,130,,115,147,,115,147,115,130,,115,147,130,115,130,147,115,147,171,115,130,,115,147,157,,207,268,,207,226,150,207,214,178,185,259,178,207,,178,199,259,171,207,259,171,226,,171,207,,178,209,,,404,,404,,,,404,,,404,,226,404,,,404,,,404,,,,404,,,404,404,,,,,,,,,,,,,,,,,,,,,,,,,,,,,,,,,,,,,,,,,,,,,,,,,,,,,,,,,,,,,,,,38,144,,38,115,82,114,144,115,130,144,226,268,258,207,259,404,207,404,,,,404,404,,,,,
1,148,APLU,2,,38,66,,38,66,38,66,88,,38,88,,38,88,,38,66,,38,66,,38,66,,38,121,,38,121,88,121,155,88,121,155,,121,155,,88,155,,88,,88,121,155,,88,155,88,121,155,,88,,88,155,,,,,,,,183,,,183,,,155,,,183,,,155,,,183,,,183,,,183,,,,,,,,,,,,,,,,,,,,,,,,,,,,,,,,,,,,,,,,,,,,,,,,,,,,,,,,,,,,,,,,,,,,,,,,,,,,,,,,,,,,,,,,,,,,,,38,88,,38,121,88,121,,121,,,184,,,184,,,,,,,,,,,,,,
1,84,EFZ,2,,,79,,,56,,,79,,,42,,,42,,,42,,,79,,,56,,,42,,,42,127,140,181,,105,181,,105,153,56,105,181,56,79,,56,127,153,56,105,153,79,127,181,42,140,,79,105,181,,215,277,,,215,181,215,277,181,,229,181,215,277,181,215,229,181,215,277,181,215,238,181,215,277,181,215,239,277,326,477,238,326,420,277,326,367,277,,326,277,356,465,277,326,420,277,326,388,326,388,420,326,356,402,300,326,420,420,465,580,,420,477,420,544,,420,465,580,465,544,580,465,,541,420,541,544,420,,465,,465,580,420,466,541,,541,648,,541,,541,580,,,541,580,,541,,,541,580,465,541,,,,541,541,,580,,,580,,,42,,,56,,56,105,56,105,153,,215,229,229,326,420,229,420,465,356,420,465,420,539,580,477,541,
1,133,CCT,2,,,85,,,50,,,50,,,50,,,63,,,50,,,43,,,78,,,78,,,78,,92,187,78,126,180,85,110,180,85,126,180,,78,,78,126,180,78,85,180,78,92,180,78,85,,78,85,201,201,217,299,180,187,194,180,187,217,180,187,209,180,,187,,180,187,,180,217,180,194,231,187,217,251,194,224,231,279,342,436,272,286,368,251,266,313,224,237,299,217,313,368,217,237,417,217,231,320,251,299,368,251,266,341,266,320,417,341,368,436,320,341,402,320,341,,341,436,598,417,479,550,368,402,630,341,402,492,,402,417,,417,450,,368,436,550,598,685,550,598,,450,492,720,492,645,738,492,630,741,492,598,659,550,630,,492,569,685,450,598,685,550,738,,,,63,,,73,63,85,110,126,194,217,180,217,272,187,194,251,194,293,436,272,436,436,272,286,475,417,436,738
3,138,NAVA,2,,,90,,,90,,,90,,,90,,,90,,90,112,,,112,,,121,,,112,,,112,112,121,179,90,121,134,112,121,134,90,121,150,90,121,,112,121,171,90,121,134,127,185,199,112,199,,112,121,185,,199,215,171,179,199,171,179,211,171,179,240,179,211,250,179,199,240,179,211,267,,240,310,179,211,310,,211,310,,,,310,,,240,,,,,,,,,,,,,,,,,,,,,,,,,,,,,,,,,,,,,,,,,,,,,,,,,,,,,,,,,,,,,,,,,,,,,,,,,,,,,,,,,,,,,45,127,,,127,112,127,250,127,134,150,,211,,199,211,,185,253,,,185,,,,,,,
1,67,SMJ,1,,,115,,,73,,,73,,,46,,,,,,46,,,46,,,46,,,73,,,46,,115,183,73,149,183,,115,189,73,,189,73,115,,115,149,163,73,,115,73,149,163,73,183,,73,,183,,183,313,183,217,299,,183,,,183,299,,183,299,,183,299,,183,299,183,217,299,183,217,313,183,,299,313,,330,299,,330,299,,330,299,420,330,,299,,,299,,,299,,,,330,313,,330,,,,358,420,,350,,420,,,,,,,,,,,,,,,,,,,,,,,,,,,,,,,,,,,,,,,,,,,,,,,,,,,,,,,,,46,,,163,46,115,183,73,183,217,183,299,453,,299,467,299,,467,,299,467,,299,467,,467,720
1,68,GMD,2,,,,,,88,,,88,,,46,,,46,,,46,,,88,,,46,,,88,,,88,121,149,185,88,121,149,,121,149,88,121,,121,149,,88,121,149,,88,121,121,149,238,88,121,,88,121,,185,238,,,238,,185,238,,185,238,,185,330,,,238,,238,,300,238,330,,185,330,,,238,,,,300,,,300,392,,330,392,,,,,300,330,,,330,,,,,330,,,300,,,,364,,392,,,392,,,,,,,,,,,,,,,,,,,,,,,,,,,,,,,,,,,,,,,,,,,,,,,,,,,,,,,,,88,,,121,88,121,238,149,,238,300,,238,,238,364,238,392,528,330,,364,330,,486,510,,528
5,127,OREL,1,,,,,,,,,106,,,106,,,92,,,46,,,46,,,46,,,106,,,106,106,,,42,106,,106,,,92,106,,,92,,92,,,,92,,92,,,92,,,,,,,,,,,,,,,,,,,,,,,,,,,,,,,,,,,,,,,,,,,,,,,,,,,,,,,,,,,,,,,,,,,,,,,,,,,,,,,,,,,,,,,,,,,,,,,,,,,,,,,,,,,,,,,,,,,,,,,,,,,,,,,46,106,,46,,106,,,,,,,,,,,,,,,,,,,,,,,
1,81,RPC,2,,,59,,,89,,,59,,,59,,,59,,,59,,,59,,,59,,,,,,59,,137,157,,137,157,,137,157,59,137,157,59,137,,,89,157,59,137,157,59,157,170,,59,,59,137,207,,207,240,,207,218,,207,247,157,240,247,157,203,247,157,207,218,157,203,247,,203,218,,203,218,203,218,,,247,398,247,343,398,,247,398,247,267,398,247,267,398,247,343,495,267,281,418,281,,398,247,,398,267,343,398,398,432,,398,432,,398,432,,411,,,432,,,,432,,398,,432,398,,432,,432,,,432,,,,,,,,,,,,,,,,,,,,,,,,,,,,,,,,,,59,,,157,,,137,,157,218,157,206,218,206,218,247,247,495,,267,432,,,495,,,,
1,3,PQCE,2,,,,,,52,,,52,,,52,,,52,,,,,,,,,,,,,,,,,,,,,,,,,,,,,,,,,,,,,,,,,,,,,,,,,,,,,,,,,,,,,,,,,,,,,,,,,,,,,,,,,,,,,,,,,,,,,,,,,,,,,,,,,,,,,,,,,,,,,,,,,,,,,,,,,,,,,,,,,,,,,,,,,,,,,,,,,,,,,,,,,,,,,,,,,,,,,,,,,268,,,,268,,,,,,,,,,,,,,
1,86,LMM,2,,,57,,,57,,,99,,,57,,,57,,,57,,,57,,,57,,,113,,,99,113,,146,99,,176,99,,202,57,,202,57,,,99,,146,99,,146,57,,176,,99,,57,,232,216,,298,216,,291,176,216,,216,223,291,216,232,,176,223,291,223,298,,223,232,291,202,232,291,176,232,298,291,381,452,291,361,395,291,361,381,,291,395,298,381,420,,291,452,,,361,298,381,420,291,395,452,312,361,452,420,,485,420,452,,420,485,,,452,466,,,452,,452,485,,452,466,452,,485,466,,485,466,485,,,,,,,,485,,,485,,,485,,,485,,,,485,,485,,,485,,,485,,,,,99,,,99,,113,298,,176,298,305,,361,298,,361,361,452,,381,452,,361,420,466,,466,655
5,139,CRSA,1,,,87,,,,,,61,,,61,,,61,,,,,,61,,,61,,,,,,61,,,,61,95,,,61,,61,87,,61,,,,,,87,,,,95,,87,95,,87,,,,,,,,,,,,,,,,,,,,,,,,,,,,,,,,,,,,,,,,,,,,,,,,,,,,,,,,,,,,,,,,,,,,,,,,,,,,,,,,,,,,,,,,,,,,,,,,,,,,,,,,,,,,,,,,,,,,,,,,,,,,,,,,95,,61,,,95,,,,,,,,,,,,,,,,,,,
1,43,VNA,1,,,,,,62,,,,,,62,,,62,,,62,,,62,,62,,,,62,,,62,,,,62,,,,,,,,,,,,,,,62,,,62,,,,,,,,,,,,,,,,220,,,220,,220,,,,220,,,220,,220,,,220,,,,220,,,,,,,,,,,,,,,,,,,,,,,,,,,,,,,,,,,,,,,,,,,,,,,,,,,,,,,,,,,,,,,,,,,,,,,,,,,,,,,,,,,,,,,,,,,,,,,,,,,,,220,268,,220,268,,268,,,,,,,,,,,,,,
1,124,JCLN,2,,,158,,,,,,158,,,91,,,158,,,158,,,91,,,91,,,158,,,158,,,158,62,158,,,62,,62,91,158,,91,,62,91,158,,62,158,91,,158,62,158,,62,,,158,,,,,,,158,,,158,,158,,,158,,,158,,,158,,,158,,,158,,,,,,,,,,,,,,,,,,,,,,,,,,,,,,,,,,,,,,,,,,,,,,,,,,,,,,,,,,,,,,,,,,,,,,,,,,,,,,,,,,,,,,,,,,,,,,,91,,,91,,,,,,,,,,,,,,,,,,,,,,,,
1,48,GAD,2,,,63,,,84,,,63,,,63,,,84,,,118,,,63,,,118,,,84,,,84,,132,153,84,132,153,,132,153,,63,153,63,132,,84,118,153,63,118,153,,132,153,63,132,,63,118,153,208,251,299,189,208,237,189,208,251,189,208,,189,208,299,153,208,237,153,,237,208,,251,208,237,,189,208,251,,299,468,299,338,468,,299,468,,299,468,299,338,468,,299,468,,299,338,299,,338,,,338,299,338,468,,468,,,468,,468,498,,532,,,,468,,,468,,,468,498,,468,498,468,532,,468,532,,,532,603,,532,,,603,,532,603,,,658,,,532,,,532,,532,,603,532,603,,603,658,,,,,,,,,63,189,63,153,299,208,237,299,208,299,498,299,,498,338,498,,,498,,498,603,
1,78,CAV,2,,,88,,,65,,,65,,,65,,,65,,,65,,,65,,,65,,,,,,65,,122,,88,122,150,,150,122,,122,,,122,,,150,,,88,122,,88,150,,150,,122,,,122,,,,,,,,150,122,,,,,,,,,,,,,,,,,,,,,,,,,,,,,,,,,,,,,,,,,,,,,,,,,,,,,,,,,,,,,,,,,,,,,,,,,,,,,,,,,,,,,,,,,,,,,,,,,,,,,,,,,,,,,,,,,,,,,,,,,,,,,,,,,,,,,,,,,,,,
1,37,CVS,2,,,95,,,95,,,67,,,67,,,67,,,67,,,67,,,67,,,95,,,67,95,156,191,95,67,191,95,156,191,,67,204,67,156,,95,,156,67,,156,95,67,191,,95,,67,156,191,191,204,273,156,,273,156,191,273,156,273,303,156,,273,,204,191,,191,303,,191,303,191,,273,191,,273,303,393,,273,393,,,,303,273,303,,273,303,,303,393,,303,,,273,303,,273,,,303,393,,,,,,,,,,,,,,,,,,,,,,,,,,,,,,,,,,,,,,,,,,,,,,,,,,,,,,,,,,,,,,,,67,,,67,67,,165,165,191,273,165,191,273,191,,303,191,393,,,303,,393,,,,,
1,88,OTZ,2,,,87,,,87,,,67,,,87,,,,,,67,,,67,,,67,,,,,,,,,,,,,,,,67,,,,,,,,,,,,,,,,,,,,,,,,,,,,,,,,,,,,,,,,,,,,,,,,,,,,,,,,,,,,,,,,,,,,,,,,,,,,,,,,,,,,,,,,,,,,,,,,,,,,,,,,,,,,,,,,,,,,,,,,,,,,,,,,,,,,,,,,,,,,,,,,,,,67,,,,,,,,,,,,,,,,,,,,,,,
1,150,PIAD,1,,,68,,,68,,,,,,68,,,68,,,,,,68,,,68,,,68,,,,100,,,,100,,,100,,100,122,,,100,,100,,,100,122,,100,,,,100,,100,122,,,,,,,,,,,,,,,,,,,,,,,,,,,,,,,,,,,,,,,,,,,,,,,,,,,,,,,,,,,,,,,,,,,,,,,,,,,,,,,,,,,,,,,,,,,,,,,,,,,,,,,,,,,,,,,,,,,,,,,,,,,,100,,,68,100,122,,,,,,,,,,,,,,,,,,,,,,
1,71,VRH,1,,,75,,,75,,,95,,,75,,,95,,,95,,,95,,,75,,,95,,,75,95,122,241,95,122,204,122,,204,95,122,,95,143,,95,122,204,95,122,204,122,,,95,204,,95,122,,,,,,,241,204,,263,,,241,,263,,241,,,241,263,,241,263,,,,241,,,241,,,263,,,,,,282,,,282,,,282,,,263,,,263,,,,,,282,,,282,,,,,,,,,,,,,,,,,,,,,,,,,,,,,,,,,,,,,,,,,,,,,,,,,,,,,,,,,,,,,,,122,,,122,95,122,282,143,,204,,,241,,241,,330,,,330,,,,330,,,,
2,RI145,LUCV,2,,,75,,,75,,,75,,,75,,,75,,,75,,,75,,,75,,,75,,,,,75,82,75,,,75,,,75,,,75,82,,75,,,75,82,,75,82,,75,82,,82,,,,,,,,,,,,,,,,,,,,,,,,,,,,,,,,,,,,,,,,,,,,,,,,,,,,,,,,,,,,,,,,,,,,,,,,,,,,,,,,,,,,,,,,,,,,,,,,,,,,,,,,,,,,,,,,,,,,,,,,,,,,75,82,75,82,,82,,,,,,,,,,,,,,,,,,,,,,,
1,11,CRCHN,2,,,81,,,81,,,81,,,81,,,81,,,81,,,81,,,81,,,81,,,81,81,122,,,81,,81,122,,81,94,,81,94,,81,122,,81,122,,94,122,,81,122,,81,94,,,,,,,,,,,,,,,,,,,,,,,,,,,,,,,,,,,,,,,,,,,,,,,,,,,,,,,,,,,,,,,,,,,,,,,,,,,,,,,,,,,,,,,,,,,,,,,,,,,,,,,,,,,,,,,,,,,,,,,,,,,,94,,,94,94,122,,,,,,,,,,,,,,,,,,,,,,
1,131,MCMJ,2,,,95,,,81,,,81,,,81,,,81,,,95,,,95,,,95,,,95,,,81,,,,95,102,,95,,,95,,,95,102,,102,,,102,,,102,,,,102,,102,,,,,,,,,,,,,,,,,,,,,,,,,,,,,,,,,,,,,,,,,,,,,,,,,,,,,,,,,,,,,,,,,,,,,,,,,,,,,,,,,,,,,,,,,,,,,,,,,,,,,,,,,,,,,,,,,,,,,,,,,,,,,102,,,95,102,,,,,,,,,,,,,,,,,,,,,,,
1,146,TOME,1,,,82,,,,,,82,,,82,,,82,,,82,,,82,,,82,,,82,,,82,82,117,179,,117,151,,117,151,,82,151,82,117,,,117,151,,117,151,117,151,,117,151,,82,117,151,229,,270,179,229,270,,151,229,179,207,229,179,207,270,151,207,229,179,229,270,179,,270,151,179,270,207,,324,270,,,270,,,,324,,,270,,270,324,,300,324,,300,324,,324,,,270,324,,324,,,,,,324,,,,,,,,,,,,,,,,,,,,,324,,,,,,,,,,,,,,,,,,,,,,,,,,,,,,,,,,,,,82,117,,,82,117,151,151,179,82,151,179,,270,179,270,,270,324,,324,,,,,,,,
1,152,JUVM,1,,,,,,,,,,,,,,,,,,,,,,,,,,,,,,,,86,175,86,120,175,86,120,175,86,120,209,,86,,86,,175,86,120,175,86,120,175,,86,,,86,209,209,,,175,,,175,,,175,,,175,209,,,,209,,,209,,,209,175,,,,175,,,,,,,,209,,,,,,,,,,209,,,,,,,,,,,,,,,,,,,,,,,,,,,,,,,,,,,,,,,,,,,,,,,,,,,,,,,,,,,,,,,,,,,,,,,,,,,86,120,,86,120,,120,,120,147,175,,209,,209,,,,,,,,,,,,,,
1,34,MSC,1,,,125,,,90,,,90,,,90,,,90,,,125,,,90,,,90,,,125,,,90,90,125,180,90,125,180,90,125,180,,90,180,90,,,90,,125,90,,125,90,125,180,90,125,,,90,180,180,,302,214,,302,,214,302,180,,302,180,214,302,180,,214,180,,214,180,,214,214,,302,180,214,302,302,373,599,,302,599,,,599,,302,329,,302,360,,302,599,,302,360,302,329,,,,599,302,329,599,395,,,395,599,,395,,,,,,599,,,,599,,,599,,,599,,,599,,,599,,,,,,599,,599,,,,599,,,599,,,599,,,599,,,599,,,,,,599,,,,125,,,125,,90,,90,125,214,125,214,302,,302,329,302,,599,,,599,375,,599,,,599
1,151,CACA,1,,,,,,,,,,,,,,,,,,,,,,,,,,,,,,,,98,147,98,125,147,98,125,147,98,125,147,,98,,98,125,147,,98,147,98,125,147,,98,,98,125,,,,,,,,,,,,,,,,,,,,147,,,,,,,,,,,,,,,,,,,,,,,,,,,,,,,,,,,,,,,,,,,,,,,,,,,,,,,,,,,,,,,,,,,,,,,,,,,,,,,,,,,,,,,,,,,,,,,,,,,,,,,,98,,,98,98,125,,147,,,,,,,,,,,,,,,,,,,,
1,15,GMR,1,,,,,,,,,,,,,,,,,,,,,,,,,,,,,,,104,145,193,,104,145,104,145,193,,104,193,104,145,,,104,145,104,145,193,104,145,193,104,145,,,104,193,193,,,243,,,193,,,193,,,193,,,,193,,,193,,,193,,,193,,,193,,,243,,243,,,243,,,243,,,243,,,,243,,,243,,,243,,,243,,,243,,,,,,,,,,,,,,,,,,,,,,,,,,,,,,,,,,,,,,,,,,,,,,,,,,,,,,,,,,,,,,,,104,,,104,104,145,193,,193,243,193,,365,243,365,,365,,,,,,,,,,,
1,55,RLO,1,,,,,,,,,,,,,,,,,,,,,,,,,,,,,,,104,,241,,104,241,104,,,,,241,104,,,104,,241,104,,241,,241,,,104,,,241,,,,,,,,,241,,241,,,,,,,241,,241,,,,,,241,,,241,,,443,,,,443,,443,,,,443,,,443,,443,,,,443,,443,,,443,,,,443,,443,539,,443,539,,443,539,,539,,,539,,,539,,,,,,539,,,,539,,,,,,,,,,,,,,,,,,,,,,,,,,,,,,,,,,,,,,,,,,,,,,,,443,539,443,,539,,539,,,539,,,539,,539,,
1,4,ARM,2,,,,,,,,,,,,,,,,,,,,,,,,,,,,,,,,107,202,,107,202,,107,202,,107,202,107,202,,107,,202,107,,202,,107,202,,107,,,107,202,202,,,202,,,,202,,202,,,202,214,,202,214,,,202,,,202,,202,,,,202,,,,,,,,,,,,,,,,,,,,,,,,,,,,,,,,,,,,,,,,,,,,,,,,,,,,,,,,,,,,,,,,,,,,,,,,,,,,,,,,,,,,,,,,,,,,,,,,,,,107,202,202,215,,215,,,,,,,,,,,,,,,,,
5,159,RAGK,2,,,,,,,,,,,,,,,,,,,,,,,,,,,,,,,108,142,,,108,142,,108,142,,108,142,,108,,,142,,,108,,,108,,,108,,,108,,,,,,,,,,,,,,,,,,,,,,,,,,,,,,,,,,,,,,,,,,,,,,,,,,,,,,,,,,,,,,,,,,,,,,,,,,,,,,,,,,,,,,,,,,,,,,,,,,,,,,,,,,,,,,,,,,,,,,,,,,,,108,,,108,,142,,142,,,,,,,,,,,,,,,,,,,,
1,154,ESCA,1,,,,,,,,,,,,,,,,,,,,,,,,,,,,,,,,112,,,112,,,112,,,112,,,112,,112,,,,112,,112,,,,112,,,112,,,,,,,,,,,,,,,,,,,,,,,,,,,,,,,,,,,,,,,,,,,,,,,,,,,,,,,,,,,,,,,,,,,,,,,,,,,,,,,,,,,,,,,,,,,,,,,,,,,,,,,,,,,,,,,,,,,,,,,,,,,,112,,,112,,,,,,,,,,,,,,,,,,,,,,,,
1,54,RSV,2,,,,,,,,,,,,,,,,,,,,,,,,,,,,,,,113,120,217,113,127,175,113,120,175,113,127,,113,142,,113,142,175,,113,154,113,142,175,,113,,113,127,175,217,,301,175,,217,,175,343,175,,301,175,217,301,,175,301,175,,301,217,,301,175,,301,217,,301,343,418,514,343,,377,343,377,452,301,343,418,301,,377,,301,377,,301,377,343,,377,301,418,452,343,,377,377,452,576,,,377,,377,,418,,535,,377,,377,418,,377,452,576,377,418,452,452,576,,452,535,576,535,576,626,,535,,535,626,,535,,626,535,,626,576,653,688,535,,,535,,626,535,576,688,653,,,,,,,,,113,127,175,154,,175,175,,301,301,343,377,343,377,545,343,452,626,,452,545,452,545,
1,24,RCDP,2,,,,,,,,,,,,,,,,,,,,,,,,,,,,,,,,118,,,118,,,118,,,118,,118,155,,118,,,,118,,118,,,118,155,,,118,,,,,,,,,,,155,,,155,,,155,,,155,,,,,,155,,,,,,,,,,,,,,,,,,,,,,,,,,,,,,,,,,,,,,,,,,,,,,,,,,,,,,,,,,,,,,,,,,,,,,,,,,,,,,,,,,,,,,,,,,,,,,,,,,118,,,118,,,142,,118,197,,197,342,,,342,,342,,,342,,362,,,,,
1,33,GLM,2,,,,,,,,,,,,,,,,,,,,,,,,,,,,,,,,,186,120,,175,,,175,,120,186,,,,,175,186,,120,216,175,,186,265,120,,120,,186,175,,252,175,,186,175,186,,175,,244,175,,,,244,,186,,,,244,,186,,,186,244,,,216,455,,216,455,,216,455,216,,455,216,,455,,216,455,,216,455,,,,,,,216,,455,,455,,,455,,,455,,,,,455,,,455,,,455,,,,455,,,,,,,,,,,,,,,,,,,,,,,,,,,,,,,,,,,,,,,,,,,,,120,175,,175,455,186,,244,,175,,,455,,455,,,455,,,455,,
1,70,JVA,1,,,120,,,120,,,120,,,120,,,120,,,120,,,120,,,120,,,120,,,120,,120,209,,120,209,,120,209,,120,252,,120,,120,153,209,,120,169,,120,169,,120,,,120,300,,,252,209,274,252,209,274,300,,209,314,,209,314,,252,,,209,,,209,,252,,314,,,252,,,274,,,274,,,252,,,,,328,,328,,,328,,,,,328,,,,328,,,,,,,,,,,,,,,,,,,,,,,,,,,,,,,,,,,,,,,,,,,,,,,,,,,,,,,,,,,,,,,,,153,,,153,120,153,209,169,,252,209,314,355,328,340,355,340,,,,,,328,340,390,458,,
1,41,NSJG,1,,,124,,,124,,,124,,,124,,,124,,,124,,,124,,,124,,,124,,,124,,,158,124,,158,124,,158,124,,192,,124,,124,,158,,124,158,124,,158,124,158,,124,158,192,,192,275,158,192,254,158,192,343,,192,275,158,,247,158,,192,,192,254,,192,254,,192,275,,192,254,,275,455,192,275,455,254,,275,,254,275,254,329,414,,254,414,,254,414,275,329,,254,275,414,275,329,343,343,455,,343,455,572,414,455,,414,531,627,,414,572,,414,572,,414,455,,414,,,,627,414,531,627,455,,627,,455,,455,,,,,572,455,572,627,455,572,627,455,572,,,572,627,572,,,572,627,,,,,,,,,,158,,158,247,158,192,275,,254,343,254,,414,254,,414,,343,572,455,572,722
1,160,ALCC,1,,,,,,,,,,,,,,,,,,,,,,,,,,,,,,,,124,,,124,,,124,,,124,,,124,,,124,,,124,,,124,,,124,,,,124,,,,,,,,,,,,,,,,,,,,,,,,,,,,,,,,,,,,,,,,,,,,,,,,,,,,,,,,,,,,,,,,,,,,,,,,,,,,,,,,,,,,,,,,,,,,,,,,,,,,,,,,,,,,,,,,,,,,,,,,,,,124,,,124,,124,,124,,,,,,,,,,,,,,,,,,,,
1,9,SROS,1,,,,,,,,,,,,,,,,,,,,,,,,,,,,,,,,,143,,,143,,,143,,,143,,143,,,,143,,,143,,,143,,143,,,,143,143,157,296,143,,296,143,,296,143,,296,143,,296,143,,296,143,,296,143,,296,143,,296,143,,296,296,331,516,296,371,516,296,331,371,,296,371,296,331,371,296,331,516,,296,391,296,,516,296,,331,296,331,391,,516,676,,516,676,391,,,391,,676,391,516,676,391,516,676,391,516,676,,516,676,391,516,676,,516,676,,676,,,676,,676,,,676,,,,676,,,676,,,676,,,676,,,676,,676,,,,,,,,,,,143,157,,296,,296,331,296,331,371,,296,676,296,676,,296,676,,676,,
1,59,RRZ,2,,,,,,,,,,,,,,,,,,,,,,,,,,,,,,,,,177,,,177,,,150,,,,,,,,,150,,,,,,,,,,,,,219,281,396,233,281,396,190,281,396,,190,219,177,219,233,177,219,233,177,281,362,219,281,362,219,281,362,219,281,396,362,396,,302,396,,302,362,396,281,362,396,,,362,396,459,,362,396,,459,,,281,362,396,281,396,459,,,,396,459,,,,,,,,,,,,,,,,,,,,,,,,,,,,,,,,,,,,,,,,,,,,,,,,,,,,,,,,,,,,,,,,,177,219,396,177,,396,,396,,396,,,396,626,,396,,626,,626,
1,155,ABJM,2,,,,,,,,,,,,,,,,,,,,,,,,,,,,,,,,,164,,,164,,,164,,,164,,164,,,,164,,,164,,,164,,164,,,,164,,,,189,,210,164,,210,,189,,164,210,,,164,,164,189,,164,189,,164,210,,189,210,,,,,,,,,,,,,,,,,,,,,,,,,,,,,,,,,,,,,,,,,,,,,,,,,,,,,,,,,,,,,,,,,,,,,,,,,,,,,,,,,,,,,,,,,,,,,,164,,,164,,164,189,164,189,,164,,210,189,210,,210,,,,,,,,,,,
1,30,RRG,1,,,,,,,,,,,,,,,,,,,,,,,,,,,,,,,,,,,,,,,,,,,,,,,,,,,,,,,,,,,,,187,,,187,,,187,,,187,,,187,,,187,,,187,,,,,,187,,,187,,,394,,488,,,394,394,,,,,,,,,,,,,,,,,,,,,,,,394,488,,,488,544,488,520,,520,544,,,488,544,,488,544,,488,601,394,488,520,394,544,,520,544,,544,,,,544,,544,,,544,,,488,,,488,544,,,488,,488,,,544,,,544,,,,,,,,,,,,187,,394,187,,394,,394,488,,394,488,488,520,601,,488,,488,601,
1,47,GEE,1,,,,,,,,,,,,,,,,,,,,,,,,,,,,,,,,,,,,,,,,,,,,,,,,,,,,,,,,,,,,,187,208,,208,,,,187,,,187,,187,208,,,187,208,187,,208,,187,208,187,,,,187,,,,,,,,,,,,,,,,,,,,208,,,208,,,,,,,,,,,,,,,,,,,,,,,,,,,,,,,,,,,,,,,,,,,,,,,,,,,,,,,,,,,,,,,,,,,,,,,,,,,,,,,187,,,,,,,,,,,,,,,,,,,
1,60,PRVX,2,,,,,,,,,,,,,,,,,,,,,,,,,,,,,,,,,207,,,207,,,207,,,207,,,,,,207,,,207,,,207,,,,,,207,255,,,,255,262,,255,360,207,255,262,255,,360,207,255,262,255,262,360,255,262,360,,255,262,255,262,360,360,,564,262,360,,262,564,,262,360,564,262,360,,360,,564,262,360,564,360,,564,262,,564,360,,564,,564,,,564,,,564,,594,,,,,,594,564,,,564,,,,564,,,564,564,,,,564,,,564,,564,593,,564,,,564,594,,594,,,,,,564,594,,594,,,594,,,,,,,,,,,,207,,255,,255,360,,360,594,360,,594,,,594,,564,594,,594,
1,13,GRXS,2,,,,,,,,,,,,,,,,,,,,,,,,,,,,,,,,,,,,,,,,,,,,,,,,,,,,,,,,,,,,,,220,,,220,,,220,,,220,,,220,,,220,,,220,,,220,,220,,,220,,,,,,,,,,,,,,,,,,,,,,,,,,,,,,,,,,,,,,,,,,,,,,,,,,,,,,,,,,,,,,,,,,,,,,,,,,,,,,,,,,,,,,,,,,,,,,,,,,,,,,,220,,,220,,,,,,,,,,,,,,,,
1,93,ARE,1,,,,,,,,,,,,,,,,,,,,,,,,,,,,,,,,,,,,,,,,,,,,,,,,,,,,,,,,,,,,,,227,346,,227,346,,227,,227,,346,,227,346,,227,346,,227,346,,227,346,,227,346,227,,346,346,407,,346,359,386,,346,373,,346,373,346,359,,,346,456,,346,407,346,420,456,,346,373,346,359,456,346,420,623,,346,598,359,483,,456,,483,,577,623,456,577,598,456,,577,,456,577,,456,483,,,598,483,,,483,598,,,598,,,598,,577,598,,577,623,,577,598,,598,,,598,,,577,,,,,,,,,,,,,,346,,,346,,346,359,346,407,420,,359,483,359,407,420,,483,
1,53,LRE,1,,,,,,,,,,,,,,,,,,,,,,,,,,,,,,,,,,,,,,,,,,,,,,,,,,,,,,,,,,,,,,235,,,,235,,235,,,248,,,248,,,,248,,248,,,248,,,,248,,,248,388,,,388,408,,388,422,,248,408,422,248,393,,388,393,,,393,,388,408,,,,388,393,422,,393,388,,388,,,388,,,,,,,,,,,,,,,,,,388,,,,,,,,,,,,,,,,,,,,,,,,,,,,,,,,,,,,,,,,,,,,,,248,299,,235,299,235,299,408,235,,408,408,,408,408,,,,,
1,143,PBES,2,,,,,,,,,,,,,,,,,,,,,,,,,,,,,,,,,,,,,,,,,,,,,,,,,,,,,,,,,,,,,244,251,,,,244,,244,251,,244,,244,251,,,251,,244,251,,244,251,,,244,,244,,,,251,,,,,,,,,,,251,,,,,,,,,,,,,,,,,,,,,,,,,,,,,,,,,,,,,,,,,,,,,,,,,,,,,,,,,,,,,,,,,,,,,,,,,,,,,,,,,,,,,,,,251,,244,,,,244,,244,287,,,253,,282,300,,,,
1,RI101,RBKM,2,,,,,,,,,,,,,,,,,,,,,,,,,,,,,,,,,,,,,,,,,,,,,,,,,,,,,,,,,,,,,245,,,,245,,,,245,,,245,,,245,,,245,245,,,245,,,,245,,,245,,,,,,,,,,,,,,,239,,,,,,,,,,,,,,,,,,,,,,,,,,,,,,,,,,,,,,,,,,,,,,,,,,,,,,,,,,,,,,,,,,,,,,,,,,,,,,,,,,,,,,,,,,245,,,,,,,,,,,,,,,,
1,132,BSJJ,1,,,,,,,,,,,,,,,,,,,,,,,,,,,,,,,,,,,,,,,,,,,,,,,,,,,,,,,,,,,,,,,262,,,262,,,267,,,267,,,262,,,262,,,262,,,262,,,267,,,262,283,,,283,,,,283,,283,,,283,,,,283,,,283,,283,,,283,,,,283,,,,,,,,,,,,,,,,,,,,,,,,,,,,,,,,,,,,,,,,,,,,,,,,,,,,,,,,,,,,,,,,,,,,,,,,262,,,262,,,,,,,,,,,,,,,,
1,29,RDS,2,,,,,,,,,,,,,,,,,,,,,,,,,,,,,,,,,,,,,,,,,,,,,,,,,,,,,,,,,,,,,,159,,,,159,,159,,,159,,,159,,,,159,,,159,,,,,159,,,,,,,,,,,,,,,,,,,,,,,,,,,,,,,,,,,,,,,,,,,,,,,,,,,,,,,,,,,,,,,,,,,,,,,,,,,,,,,,,,,,,,,,,,,,,,,,,,,,,,,,,,,,,,,,,,,,,,,,,,,,
1,28,MCCI,1,,,,,,,,,,,,,,,,,,,,,,,,,,,,,,,,,,,,,,,,,,,,,,,,,,,,,,,,,,,,,,,,,,,,,,,,,,,,,,,,,,,,,,,,,,,315,,,315,,394,315,,394,315,408,394,315,,394,315,,394,315,394,408,315,,,,,394,315,,394,,,,,,,,,,,,,,,,,,,,,,,,,,,,,,,,,,,,,,,,,,,,,,,,,,,,,,,,,,,,,,,,,,,,,,,,,,,,,315,,315,,,,,,,,,,,
1,1,FRM,2,,,,,,,,,,,,,,,,,,,,,,,,,,,,,,,,,,,,,,,,,,,,,,,,,,,,,,,,,,,,,,,,,,,,,,,,,,,,,,,,,,,,,,,,,,,,427,481,,,,,,,,,,,,,,,,,,,,,,,,,,,,,481,545,,481,545,,662,,545,,658,,545,658,,545,,,,545,,481,545,,545,658,,545,715,545,658,,,545,,545,715,,,658,,658,715,,545,662,715,,545,,,545,,545,,,658,,715,,,,,,,,,,,,,,,,,,,,,,,481,662,481,,,,662,
1,5,HOL,2,,,,,,,,,,,,,,,,,,,,,,,,,,,,,,,,,,,,,,,,,,,,,,,,,,,,,,,,,,,,,,,,,,,,,,,,,,,,,,,,,,,,,,,,,,,,,510,,,510,,,510,,,510,,,510,,,510,,,510,,,510,,,510,,,510,,,608,,,555,,,,,,685,,510,555,510,555,608,,510,555,,510,539,510,539,608,510,,555,628,685,720,,608,,539,720,,,510,,658,608,720,,510,720,,510,,,510,685,628,720,,658,685,,,,,,,,,,,,,,,,,,,,,,,,512,720,,512,720,,512,720
1,50,FRG,2,,,,,,,,,,,,,,,,,,,,,,,,,,,,,,,,,,,,,,,,,,,,,,,,,,,,,,,,,,,,,,,,,,,,,,,,,,,,,,,,,,,,,,,,,,,,,367,,367,,,367,,,367,,,,367,,367,,,367,,367,,,367,,,367,,,367,,,367,,,,,,,,,,,,,,,,,,,,,,,,,,,,,,,,,,,,,,,,,,,,,,,,,,,,,,,,,,,,,,,,,,,,,,,,,,,,360,,,,,,,,,,
1,158,VPDD,2,,,,,,,,,,,,,,,,,,,,,,,,,,,,,,,,,,,,,,,,,,,,,,,,,,,,,,,,,,,,,,,,,,,,,,,,,,,,,,,,,,,,,,,,,,,,,389,,,389,,,389,,,389,,,389,,,389,,,389,,,389,,,389,,,389,425,,,425,,,425,,,425,,,,,,,,,425,,,425,,,425,,,,,,,,,,,,,,,,,,,,,,,,,,,,,,,,,,,,,,,,,,,,,,,,,,,,,381,381,425,,381,425,,,381,,,,
1,56,TSNI,2,,,,,,,,,,,,,,,,,,,,,,,,,,,,,,,,,,,,,,,,,,,,,,,,,,,,,,,,,,,,,,,,,,,,,,,,,,,,,,,,,,,,,,,,,,,,,497,,,,,,394,,,394,,,394,,,497,,,497,,,497,,,497,,,497,,394,497,,394,497,,394,,394,524,538,,,497,,394,497,394,,497,,,497,394,,497,,524,664,602,664,863,,602,,602,718,781,,,602,,602,863,,602,664,,602,,602,781,863,602,664,781,602,664,863,,,,,,,,,,,,,,,,,,,,,,,497,602,497,538,664,497,718,781
1,49,VRAI,1,,,,,,,,,,,,,,,,,,,,,,,,,,,,,,,,,,,,,,,,,,,,,,,,,,,,,,,,,,,,,,,,,,,,,,,,,,,,,,,,,,,,,,,,,,,,,,,,,,,,,,,,,,,,,,,,,,,,,,,,,406,543,,,543,,406,543,,,,543,543,,,,543,,,543,,406,543,,,543,,543,,,,543,,,543,,543,,,,,,,,,543,,,,,,,,,543,,,,,,,,,,,,,,,,,,,,,,,,,,,509,,,406,,,509,,
1,12,SBS,2,,,,,,,,,,,,,,,,,,,,,,,,,,,,,,,,,,,,,,,,,,,,,,,,,,,,,,,,,,,,,,,,,,,,,,,,,,,,,,,,,,,,,,,,,,,,,,,,,,,,,,,,,,,,,,,,,,,,,,,,,,495,,412,495,,,,,495,,,,495,,,495,,,,495,412,,495,,,495,,495,,495,,,,495,,495,,,495,,,,,,495,,,,495,,495,,,495,,,,,,,,,,,,,,,,,,,,,,,,,,,412,495,760,412,,,,495,
1,20,FEKA,1,,,,,,,,,,,,,,,,,,,,,,,,,,,,,,,,,,,,,,,,,,,,,,,,,,,,,,,,,,,,,,,,,,,,,,,,,,,,,,,,,,,,,,,,,,,,,418,,,418,,418,482,,,418,,,418,,,,,,418,,,418,,,436,,,418,418,550,,418,482,,418,550,,436,,,418,,,418,,,,418,,,,418,418,,550,436,,,,,,,,,,,,,,,,,,,,,,,,,,,,,,,,,,,,,,,,,,,,,,,,,,,,,,418,482,,418,482,,478,,
1,10,GSAI,1,,,,,,,,,,,,,,,,,,,,,,,,,,,,,,,,,,,,,,,,,,,,,,,,,,,,,,,,,,,,,,,,,,,,,,,,,,,,,,,,,,,,,,,,,,,,,,,,,,,,,,,,,,,,,,,,,,,,,,,,,422,,,,422,,422,,,422,,,422,,,422,,,422,,,,422,,422,,,422,,,,,,,,,,,,,,,,,,,,,,,,,,,,,,,,,,,,,,,,,,,,,,,,,,,,,,422,,,422,,,,,
1,16,RDBE,1,,,,,,,,,,,,,,,,,,,,,,,,,,,,,,,,,,,,,,,,,,,,,,,,,,,,,,,,,,,,,,,,,,,,,,,,,,,,,,,,,,,,,,,,,,,,,,,,,,,,,,,,,,,,,,,,,,,,,,,,,466,,,,466,,466,,,,,,,,,,,,,,,,,,,,,,,,,,,,,,,,,,,,,,,,,,,,,,,,,,,,,,,,,,,,,,,,,,,,,,,,,,,464,,,464,,,,,
1,46,MCF,2,,,,,,,,,,,,,,,,,,,,,,,,,,,,,,,,,,,,,,,,,,,,,,,,,,,,,,,,,,,,,,,,,,,,,,,,,,,,,,,,,,,,,,,,,,,,,543,,,543,,,543,,,543,,,543,,,543,,,543,,,543,,,543,,,543,,509,685,,,509,,509,,,509,565,,,509,,509,565,,509,543,,,509,,509,565,,509,,,543,,,543,,543,,,,543,,543,685,,,543,,543,565,,543,685,,543,,,685,710,,,,,,,,,,,,,,,,,,,,,,,,479,509,509,479,685,479,685,710
1,58,SNA,2,,,,,,,,,,,,,,,,,,,,,,,,,,,,,,,,,,,,,,,,,,,,,,,,,,,,,,,,,,,,,,,,,,,,,,,,,,,,,,,,,,,,,,,,,,,,,,,,,,,,,,,,,,,,,,,,,,,,,,,,,,509,694,,,509,,509,,,,509,,509,694,,509,694,,509,544,,509,544,,,509,,509,570,509,,,,509,,509,,,570,694,,544,694,,509,694,,544,694,,570,694,,509,694,,544,570,,,,,,,,,,,,,,,,,,,,,,,509,546,694,509,676,804,509,694,
1,39,VNJ,1,,,,,,,,,,,,,,,,,,,,,,,,,,,,,,,,,,,,,,,,,,,,,,,,,,,,,,,,,,,,,,,,,,,,,,,,,,,,,,,,,,,,,,,,,,,,,,,,,,,,,,,,,,,,,,,,,,,,,,,,,,,624,,,624,,,,,,624,,,624,,,624,,,624,,,624,,,624,,,624,624,,,,624,,624,667,,624,,,624,,,,624,,624,667,,624,,,624,667,,624,,,,,,,,,,,,,,,,,,,,624,,,624,,,624,,624,,624,667,
1,23,CHLJR,1,,,,,,,,,,,,,,,,,,,,,,,,,,,,,,,,,,,,,,,,,,,,,,,,,,,,,,,,,,,,,,,,,,,,,,,,,,,,,,,,,,,,,,,,,,,,,,,,,,,,,,,,,,,,,,,,,,,,,,,,,,,,,,,,,,,,,,,,,,,,,,,,,,,,,,,688,722,,608,695,,651,725,,,651,725,651,695,722,,651,695,,651,,651,725,,,722,,,688,,,,,,,,,,,,,,,,,,,,,,,,,,,,,,651,725
,,,,,,,,,,,,,,,,,,,,,,,,,,,,,,,,,,,,,,,,,,,,,,,,,,,,,,,,,,,,,,,,,,,,,,,,,,,,,,,,,,,,,,,,,,,,,,,,,,,,,,,,,,,,,,,,,,,,,,,,,,,,,,,,,,,,,,,,,,,,,,,,,,,,,,,,,,,,,,,,,,,,,,,,,,,,,,,,,,,,,,,,,,,,,,,,,,,,,,,,,,,,,,,,,,,,,
,,,,,,,,,,,,,,,,,,,,,,,,,,,,,,,,,,,,,,,,,,,,,,,,,,,,,,,,,,,,,,,,,,,,,,,,,,,,,,,,,,,,,,,,,,,,,,,,,,,,,,,,,,,,,,,,,,,,,,,,,,,,,,,,,,,,,,,,,,,,,,,,,,,,,,,,,,,,,,,,,,,,,,,,,,,,,,,,,,,,,,,,,,,,,,,,,,,,,,,,,,,,,,,,,,,,,
,,,,,,,,,,,,,,,,,,,,,,,,,,,,,,,,,,,,,,,,,,,,,,,,,,,,,,,,,,,,,,,,,,,,,,,,,,,,,,,,,,,,,,,,,,,,,,,,,,,,,,,,,,,,,,,,,,,,,,,,,,,,,,,,,,,,,,,,,,,,,,,,,,,,,,,,,,,,,,,,,,,,,,,,,,,,,,,,,,,,,,,,,,,,,,,,,,,,,,,,,,,,,,,,,,,,,
,,,,,,,,,,,,,,,,,,,,,,,,,,,,,,,,,,,,,,,,,,,,,,,,,,,,,,,,,,,,,,,,,,,,,,,,,,,,,,,,,,,,,,,,,,,,,,,,,,,,,,,,,,,,,,,,,,,,,,,,,,,,,,,,,,,,,,,,,,,,,,,,,,,,,,,,,,,,,,,,,,,,,,,,,,,,,,,,,,,,,,,,,,,,,,,,,,,,,,,,,,,,,,,,,,,,,
,,,,,,,,,,,,,,,,,,,,,,,,,,,,,,,,,,,,,,,,,,,,,,,,,,,,,,,,,,,,,,,,,,,,,,,,,,,,,,,,,,,,,,,,,,,,,,,,,,,,,,,,,,,,,,,,,,,,,,,,,,,,,,,,,,,,,,,,,,,,,,,,,,,,,,,,,,,,,,,,,,,,,,,,,,,,,,,,,,,,,,,,,,,,,,,,,,,,,,,,,,,,,,,,,,,,,
